Date, Close/Last, Volume, Open, High, Low
2020-09-17,423.43,76779160,415.6,437.79,408.0001
2020-09-16,441.76,72546760,439.87,457.79,435.31
2020-09-15,449.76,97298230,436.56,461.94,430.7
2020-09-14,419.62,83020610,380.95,420.0,373.3
2020-09-11,372.72,60717460,381.94,382.5,360.5
2020-09-10,371.34,84930610,386.21,398.99,360.56
2020-09-09,366.28,79465770,356.6,369.0,341.51
2020-09-08,330.21,115465700,356.0,368.74,329.88
2020-09-04,418.32,110321900,402.81,428.0,372.0201
2020-09-03,407.0,87596090,407.23,431.8,402.0
2020-09-02,447.37,96176130,478.99,479.04,405.1206
2020-09-01,475.05,90119420,502.14,502.49,470.51
2020-08-31,498.32,118374400,444.61,500.14,440.11
2020-08-28,442.68,100405900,459.024,463.69800000000004,437.30400000000003
2020-08-27,447.75,118465200,436.092,459.12,428.5
2020-08-26,430.634,71196900,412.0,433.2,410.7258
2020-08-25,404.668,53294450,394.978,405.59,393.6
2020-08-24,402.84,100318100,425.255,425.8,385.504
2020-08-21,409.996,107447800,408.952,419.098,405.01
2020-08-20,400.366,103059000,372.13599999999997,404.398,371.412
2020-08-19,375.70599999999996,61026650,373.0,382.2,368.24199999999996
2020-08-18,377.418,82372450,379.798,384.78,369.022
2020-08-17,367.12800000000004,101211600,335.4,369.17199999999997,334.566
2020-08-14,330.142,62888050,332.99800000000005,333.76,325.328
2020-08-13,324.2,102126550,322.2,330.236,313.452
2020-08-12,310.952,109494150,294.0,317.0,287.0
2020-08-11,274.878,43129170,279.2,284.0,273.0
2020-08-10,283.714,37611320,289.6,291.5,277.168
2020-08-07,290.54200000000003,44482100,299.9074,299.95,283.002
2020-08-06,297.916,29961565,298.166,303.462,295.452
2020-08-05,297.004,24890075,298.598,299.9677,293.66200000000003
2020-08-04,297.4,42074950,299.002,305.482,292.4
2020-08-03,297.0,44046730,289.84,301.962,288.8769
2020-07-31,286.152,61234800,303.0,303.41,284.19599999999997
2020-07-30,297.498,38105195,297.6,302.64799999999997,294.2
2020-07-29,299.822,47134465,300.2,306.962,297.4
2020-07-28,295.298,79043500,300.8,312.94,294.884
2020-07-27,307.92,80243350,287.0,309.58799999999997,282.6001
2020-07-24,283.4,96983100,283.202,293.0,273.308
2020-07-23,302.61400000000003,121642500,335.79,337.8,296.154
2020-07-22,318.466,70805400,319.8,325.284,312.4
2020-07-21,313.672,80786400,327.986,335.0,311.6
2020-07-20,328.6,85606850,303.802,330.0,297.6
2020-07-17,300.168,46649860,302.69,307.502,298.0
2020-07-16,300.128,71503950,295.432,306.342,293.2
2020-07-15,309.202,81839150,308.6,310.0,291.4
2020-07-14,303.36,117090700,311.2,318.0,286.2
2020-07-13,299.41200000000003,194926800,331.8,358.99800000000005,294.222
2020-07-10,308.93,116687750,279.2,309.783,275.202
2020-07-09,278.856,58588000,279.39799999999997,281.712,270.256
2020-07-08,273.176,81556550,281.0,283.452,262.268
2020-07-07,277.972,107448300,281.002,285.9,267.342
2020-07-06,274.316,102849300,255.338,275.558,253.2088
2020-07-02,241.732,86250600,244.296,245.6,237.12
2020-07-01,223.926,66634500,216.6,227.06599999999997,216.1
2020-06-30,215.96200000000002,84592500,201.3,217.53799999999998,200.74599999999998
2020-06-29,201.87,45132020,193.80200000000002,202.0,189.704
2020-06-26,191.94799999999998,44274540,198.956,199.0,190.97400000000002
2020-06-25,197.196,46272745,190.854,197.196,187.43
2020-06-24,192.17,54797950,198.822,200.1769,190.6283
2020-06-23,200.356,31826355,199.77599999999998,202.4,198.80200000000002
2020-06-22,198.864,31811750,199.99,201.77599999999998,198.00400000000002
2020-06-19,200.18,43398745,202.55599999999998,203.19400000000002,198.268
2020-06-18,200.792,48759680,200.6,203.84,198.8942
2020-06-17,198.358,49454000,197.542,201.0,196.5142
2020-06-16,196.426,70255400,202.37,202.576,192.47799999999998
2020-06-15,198.18,78485900,183.558,199.768,181.7
2020-06-12,187.05599999999998,83816850,196.0,197.59599999999998,182.52
2020-06-11,194.56799999999998,79582400,198.04,203.792,194.4
2020-06-10,205.01,92817050,198.37599999999998,205.49599999999998,196.5
2020-06-09,188.13400000000001,56940750,188.002,190.888,184.7862
2020-06-08,189.984,70873650,183.8,190.0,181.832
2020-06-05,177.132,39059585,175.56799999999998,177.304,173.24
2020-06-04,172.87599999999998,44438565,177.976,179.15,171.688
2020-06-03,176.592,39747345,177.62400000000002,179.588,176.02
2020-06-02,176.312,67828000,178.94,181.732,174.2
2020-06-01,179.62,75426500,171.6,179.8,170.82
2020-05-29,167.0,59062450,161.75,167.0,160.842
2020-05-28,161.162,36378870,162.702,164.95,160.338
2020-05-27,164.046,57747650,164.172,165.542,157.0
2020-05-26,163.774,40448680,166.9,166.92,163.141
2020-05-22,163.376,49937375,164.4348,166.356,162.4
2020-05-21,165.52,61272900,163.2,166.5,159.2
2020-05-20,163.112,36546355,164.1,165.2,162.36
2020-05-19,161.602,48182610,163.034,164.41400000000002,161.216
2020-05-18,162.726,58490500,165.55599999999998,166.94400000000002,160.776
2020-05-15,159.834,52592150,158.07,161.0097,157.3104
2020-05-14,160.666,68410950,156.0,160.672,152.8
2020-05-13,158.192,95327450,164.166,165.2,152.66
2020-05-12,161.882,79534550,165.4,168.658,161.6
2020-05-11,162.25799999999998,82598000,158.102,164.8,157.0
2020-05-08,163.88400000000001,80650450,158.754,164.8,157.40200000000002
2020-05-07,156.00799999999998,57638450,155.442,159.28,154.47
2020-05-06,156.516,55616150,155.3,157.96,152.222
2020-05-05,153.642,84958300,157.958,159.784,152.436
2020-05-04,152.238,96185450,140.2,152.4,139.6
2020-05-01,140.264,162659050,151.0,154.554,136.608
2020-04-30,156.376,142359250,171.03799999999998,173.96400000000003,152.7
2020-04-29,160.102,81079900,158.034,160.64,156.632
2020-04-28,153.82399999999998,76109800,159.128,161.0,151.338
2020-04-27,159.75,103407200,147.52200000000002,159.898,147.0
2020-04-24,145.03,66188050,142.162,146.14600000000002,139.636
2020-04-23,141.126,66183500,145.52,146.8,140.626
2020-04-22,146.422,71124150,140.796,146.8,137.74200000000002
2020-04-21,137.344,101045450,146.024,150.666,134.75799999999998
2020-04-20,149.27200000000002,73731850,146.54,153.114,142.442
2020-04-17,150.778,65641150,154.45600000000002,154.99,149.532
2020-04-16,149.042,103289300,143.388,151.89,141.343
2020-04-15,145.966,117885000,148.4,150.626,142.0
2020-04-14,141.97799999999998,152882550,139.79399999999998,148.376,138.486
2020-04-13,130.19,112377100,118.03200000000001,130.4,116.10600000000001
2020-04-09,114.6,68250000,112.41799999999999,115.0364,111.42200000000001
2020-04-08,109.76799999999999,63280100,110.84,111.4416,106.666
2020-04-07,109.09,89598900,109.0,113.0,106.46799999999999
2020-04-06,103.24799999999999,74509200,102.24,104.2,99.59200000000001
2020-04-03,96.00200000000001,112810400,101.9,103.098,93.678
2020-04-02,90.89399999999999,99292150,96.206,98.852,89.28
2020-04-01,96.31200000000001,66765900,100.8,102.791,95.02
2020-03-31,104.8,88857450,100.25,108.59200000000001,99.4
2020-03-30,100.426,59990350,102.052,103.3294,98.24600000000001
2020-03-27,102.87200000000001,71887050,101.0,105.16,98.806
2020-03-26,105.632,87110400,109.478,112.0,102.45
2020-03-25,107.85,106113750,109.05,111.4,102.22200000000001
2020-03-24,101.0,114475850,95.46,102.738,94.8
2020-03-23,86.85799999999999,82272750,86.72,88.4,82.1
2020-03-20,85.506,141427500,87.64,95.4,85.15799999999999
2020-03-19,85.52799999999999,150977300,74.9394,90.4,71.692
2020-03-18,72.244,118930800,77.8,80.972,70.102
2020-03-17,86.04,119972900,88.00200000000001,94.37,79.2
2020-03-16,89.014,102447300,93.8999,98.97399999999999,88.434
2020-03-13,109.324,113201250,119.0,121.514,100.4
2020-03-12,112.11,94545250,116.178,118.9,109.25
2020-03-11,126.846,67067950,128.04,130.716,122.6
2020-03-10,129.066,77972200,131.886,133.6,121.6
2020-03-09,121.6,85368700,121.07799999999999,132.5996,121.0
2020-03-06,140.696,63314600,138.0008,141.4,136.85399999999998
2020-03-05,144.908,54263300,144.754,149.15,143.614
2020-03-04,149.9,75244900,152.7921,153.304,144.9469
2020-03-03,149.102,128920000,161.0,161.39600000000002,143.2221
2020-03-02,148.724,100974950,142.252,148.738,137.334
2020-02-28,133.59799999999998,122820850,125.94,138.10399999999998,122.304
2020-02-27,135.8,121385800,146.0,147.954,133.8
2020-02-26,155.76,70769200,156.5,162.662,155.222
2020-02-25,159.982,86452400,169.8,171.32,157.4
2020-02-24,166.75799999999998,75960800,167.8,172.7,164.44
2020-02-21,180.2,71697250,181.396,182.612,176.09
2020-02-20,179.882,88174450,182.39,182.4,171.988
2020-02-19,183.484,127114800,184.7,188.956,180.204
2020-02-18,171.68,83491850,168.32,172.0,166.472
2020-02-14,160.006,78468550,157.444,162.594,157.1
2020-02-13,160.8,131446750,148.368,163.6,147.0
2020-02-12,153.458,60112350,155.57399999999998,157.95,152.674
2020-02-11,154.876,58487350,153.75799999999998,156.7012,151.6
2020-02-10,154.256,123445800,160.0,163.998,150.48
2020-02-07,149.614,85317600,146.11,153.95,146.0
2020-02-06,149.792,199403750,139.984,159.166,137.4
2020-02-05,146.94,242119200,164.65200000000002,169.196,140.8221
2020-02-04,177.412,304693800,176.592,193.798,166.77599999999998
2020-02-03,156.0,236167500,134.738,157.22799999999998,134.704
2020-01-31,130.114,78596350,128.0,130.6,126.50399999999999
2020-01-30,128.162,145028400,126.484,130.17600000000002,123.6
2020-01-29,116.198,91083350,115.13799999999999,117.96,113.486
2020-01-28,113.38,58942450,113.698,115.36200000000001,111.616
2020-01-27,111.604,68040350,108.398,112.88799999999999,107.85600000000001
2020-01-24,112.964,71768000,114.126,114.772,110.852
2020-01-23,114.44,98255200,112.85,116.4,111.1205
2020-01-22,113.912,156845150,114.37799999999999,118.9,111.82
2020-01-21,109.44,89017350,106.05,109.71600000000001,105.682
2020-01-17,102.1,68145350,101.522,103.134,100.632
2020-01-16,102.698,108683250,98.75,102.89200000000001,98.434
2020-01-15,103.7,86844150,105.95200000000001,107.568,103.3571
2020-01-14,107.584,145306900,108.851,109.48200000000001,104.98
2020-01-13,104.97200000000001,133172750,98.7,105.126,98.4
2020-01-10,95.63,64884150,96.35799999999999,96.988,94.74
2020-01-09,96.26799999999999,142315950,99.42,99.76,94.574
2020-01-08,98.428,155996950,94.74,99.698,93.646
2020-01-07,93.81200000000001,91045700,92.28,94.32600000000001,90.671
2020-01-06,90.30799999999999,50787500,88.094,90.31200000000001,88.0
2020-01-03,88.602,88973500,88.1,90.8,87.384
2020-01-02,86.052,47791930,84.9,86.1391,84.34200000000001
2019-12-31,83.666,51462300,81.0,84.258,80.416
2019-12-30,82.94,63006350,85.758,85.8,81.8518
2019-12-27,86.07600000000001,49784135,87.0,87.06200000000001,85.22200000000001
2019-12-26,86.18799999999999,53241450,85.58200000000001,86.696,85.27
2019-12-24,85.05,40273600,83.67200000000001,85.094,82.5375
2019-12-23,83.844,66664100,82.35600000000001,84.402,82.0
2019-12-20,81.118,73926050,82.05799999999999,82.6,80.03699999999999
2019-12-19,80.808,90601550,79.464,81.37,79.3
2019-12-18,78.63,70681950,76.126,79.044,76.116
2019-12-17,75.798,42518875,75.798,77.1,75.18
2019-12-16,76.3,91104700,72.51,76.722,72.5
2019-12-13,71.678,32871405,72.21,73.042,70.928
2019-12-12,71.936,38881055,70.984,72.548,70.646
2019-12-11,70.54,34595810,70.3753,71.438,70.218
2019-12-10,69.768,44199755,67.992,70.146,67.862
2019-12-09,67.906,45201085,67.318,68.89,67.016
2019-12-06,67.178,38094685,67.0,67.77199999999999,66.954
2019-12-05,66.074,18684880,66.566,66.8845,65.45
2019-12-04,66.60600000000001,27681275,67.55,67.572,66.57
2019-12-03,67.24,33067380,66.524,67.582,66.4372
2019-12-02,66.97399999999999,30409930,65.88,67.2765,65.7374
2019-11-29,65.988,12328145,66.222,66.252,65.5
2019-11-27,66.258,27817295,66.22399999999999,66.786,65.714
2019-11-26,65.78399999999999,39781195,67.054,67.1,65.42
2019-11-25,67.268,61728850,68.86399999999999,68.914,66.892
2019-11-22,66.608,84353200,68.032,68.2,66.0
2019-11-21,70.96600000000001,30550065,70.902,72.168,70.8008
2019-11-20,70.444,33669825,72.0,72.24,69.914
2019-11-19,71.904,38680390,70.35,71.998,69.56
2019-11-18,69.998,22042525,70.5834,70.63,69.22
2019-11-15,70.434,24062815,70.128,70.56,69.672
2019-11-14,69.87,32358515,69.222,70.768,68.582
2019-11-13,69.222,42339315,71.0,71.266,69.036
2019-11-12,69.986,36796915,69.38,70.074,68.808
2019-11-11,69.018,49968445,68.79,69.83800000000001,68.4
2019-11-08,67.428,30371105,66.9,67.492,66.5
2019-11-07,67.108,72336750,65.828,68.3,65.604
2019-11-06,65.316,39704660,63.6,65.344,62.9
2019-11-05,63.443999999999996,34717085,63.924,64.702,63.2236
2019-11-04,63.494,43935200,62.96,64.388,61.852
2019-11-01,62.662,31919645,63.263999999999996,63.29600000000001,61.96
2019-10-31,62.983999999999995,25334780,62.62,63.8,62.6
2019-10-30,63.001999999999995,48209050,62.6,63.758,61.994
2019-10-29,63.244,63421350,63.998000000000005,64.86,62.95
2019-10-28,65.542,94351450,65.508,68.168,64.52
2019-10-25,65.626,150030450,59.544,66.0,59.222
2019-10-24,59.93600000000001,149096150,59.674,60.986000000000004,57.84
2019-10-23,50.93600000000001,56080900,50.9,51.228,50.27
2019-10-22,51.11600000000001,23125475,50.864,51.666000000000004,50.17
2019-10-21,50.7,25540505,51.666000000000004,51.9,50.036
2019-10-18,51.39,28768330,52.14,52.56,51.02
2019-10-17,52.394,23895215,52.5,52.956,52.034
2019-10-16,51.95,33521515,51.478,52.42,51.38399999999999
2019-10-15,51.578,32397280,51.54,52.0,50.824
2019-10-14,51.391999999999996,51134300,49.58,51.71,49.426
2019-10-11,49.578,42440795,49.43,50.216,49.361999999999995
2019-10-10,48.948,31567085,49.056000000000004,49.856,48.316
2019-10-09,48.906000000000006,34675165,48.263999999999996,49.458999999999996,48.13
2019-10-08,48.01,43511690,47.174,48.788000000000004,46.9
2019-10-07,47.544,40434785,45.96,47.711999999999996,45.71
2019-10-04,46.286,40105900,46.321999999999996,46.956,45.614
2019-10-03,46.606,75688800,46.372,46.896,44.856
2019-10-02,48.626000000000005,31282740,48.658,48.93,47.886
2019-10-01,48.938,30981450,48.3,49.19,47.826
2019-09-30,48.174,29730805,48.6,48.79600000000001,47.2222
2019-09-27,48.426,55615900,48.44,49.742,47.746
2019-09-26,48.512,60393950,46.132,48.662,45.48
2019-09-25,45.74,47221430,44.912,45.79600000000001,43.672
2019-09-24,44.641999999999996,64705550,48.303999999999995,48.398,44.522
2019-09-23,48.246,21958150,48.0,49.0359,47.843999999999994
2019-09-20,48.123999999999995,32531320,49.298,49.3892,47.632
2019-09-19,49.32,24415675,49.2,49.588,48.968
2019-09-18,48.698,21140515,49.0,49.6337,48.474
2019-09-17,48.958,19734545,48.494,49.12,48.074
2019-09-16,48.562,23640480,49.2,49.486000000000004,48.233999999999995
2019-09-13,49.04,26565725,49.391999999999996,49.69,48.973
2019-09-12,49.174,42906050,49.54,50.7,48.88
2019-09-11,49.42,50213900,47.476000000000006,49.6348,47.2
2019-09-10,47.108000000000004,24418570,46.16,47.108000000000004,45.788000000000004
2019-09-09,46.358000000000004,24013345,46.0,46.751999999999995,45.846000000000004
2019-09-06,45.49,20946860,45.44,45.928000000000004,45.034
2019-09-05,45.916000000000004,37016610,44.5,45.96,44.17
2019-09-04,44.136,28843480,45.378,45.692,43.841
2019-09-03,45.001999999999995,26802730,44.816,45.79,44.632
2019-08-30,45.122,46638875,45.83,46.488,44.8426
2019-08-29,44.342,25915520,43.8,44.68,43.6
2019-08-28,43.118,16193125,42.738,43.45,42.461999999999996
2019-08-27,42.816,27103635,43.148,43.76,42.406000000000006
2019-08-26,43.0,25272070,42.72,43.004,42.308
2019-08-23,42.28,42798520,43.994,44.233999999999995,42.2
2019-08-22,44.43,32824820,44.56,45.08,43.644
2019-08-21,44.166000000000004,38998720,44.402,44.644,43.52
2019-08-20,45.172,20852635,45.523999999999994,45.818000000000005,44.908
2019-08-19,45.36600000000001,26558740,44.842,45.566,44.34
2019-08-16,43.988,26036880,43.332,44.448,43.20399999999999
2019-08-15,43.128,41159760,44.172,44.312,42.31
2019-08-14,43.924,47812955,46.242,46.3,43.338
2019-08-13,47.0,24344990,45.762,47.2,45.51
2019-08-12,45.802,23319685,46.598,47.153999999999996,45.75
2019-08-09,47.001999999999995,19491220,47.2108,47.792,46.762
2019-08-08,47.66,26371745,46.89,47.96,46.53
2019-08-07,46.684,23882500,45.3,46.7138,45.16
2019-08-06,46.15,27821000,46.376000000000005,46.5,45.15
2019-08-05,45.663999999999994,35141395,45.92,46.2735,45.155
2019-08-02,46.868,30682405,46.27,47.254,45.846000000000004
2019-08-01,46.77,41297580,48.53,48.902,46.354
2019-07-31,48.321999999999996,45891040,48.6,49.336000000000006,47.33
2019-07-30,48.452,40545070,46.58,48.672,46.43600000000001
2019-07-29,47.153999999999996,46366655,45.418,47.188,45.2065
2019-07-26,45.608000000000004,50138500,45.38399999999999,46.052,44.45
2019-07-25,45.763999999999996,112091250,46.7,46.9,45.11
2019-07-24,52.976000000000006,55364200,51.833999999999996,53.214,51.632
2019-07-23,52.034,25115605,51.342,52.096000000000004,50.9
2019-07-22,51.136,34231365,51.75,52.431000000000004,50.8382
2019-07-19,51.636,35242050,51.138000000000005,51.992,50.924
2019-07-18,50.708,23822415,51.01,51.15,50.376999999999995
2019-07-17,50.972,48823635,51.13399999999999,51.662,50.67
2019-07-16,50.476000000000006,40744945,49.86,50.706,49.5865
2019-07-15,50.7,55000450,49.6,50.88399999999999,48.972
2019-07-12,49.016000000000005,46002605,47.95,49.076,47.942
2019-07-11,47.72,37572150,47.628,48.3,47.16
2019-07-10,47.784,45728680,46.83,47.788000000000004,46.628
2019-07-09,46.012,30954175,45.794,46.2,45.456
2019-07-08,46.068000000000005,29402710,46.248000000000005,46.45,45.732
2019-07-05,46.62,35328690,46.913999999999994,47.09,46.16
2019-07-03,46.98,71005750,47.878,48.31399999999999,46.902
2019-07-02,44.91,46295135,45.778,45.83,44.443999999999996
2019-07-01,45.434,41189820,46.042,46.6199,45.256
2019-06-28,44.692,34256920,44.198,45.034,44.16
2019-06-27,44.568000000000005,31698550,43.89,44.58,43.47
2019-06-26,43.854,42536040,44.062,45.446000000000005,43.62
2019-06-25,43.952,30910355,44.878,45.068000000000005,43.898
2019-06-24,44.728,28753855,44.648,45.172,44.20399999999999
2019-06-21,44.372,41010390,43.244,44.43600000000001,43.1
2019-06-20,43.924,59317300,44.6,45.38,43.27
2019-06-19,45.286,32875675,45.022,45.553999999999995,44.211999999999996
2019-06-18,44.948,63578950,45.744,46.948,44.512
2019-06-17,45.006,61584000,43.096000000000004,45.4,42.854
2019-06-14,42.983999999999995,37167010,42.25,43.33,42.08
2019-06-13,42.782,40841300,42.076,42.98,41.5021
2019-06-12,41.852,75987700,44.59,44.676,41.8
2019-06-11,43.42,58267700,43.8288,44.18,42.7
2019-06-10,42.576,52925200,42.05,43.388000000000005,41.802
2019-06-07,40.9,80017650,41.0,42.1688,40.6998
2019-06-06,41.19,101210750,40.888000000000005,42.2,40.36
2019-06-05,39.318000000000005,67553800,39.736,40.2556,38.3697
2019-06-04,38.72,69037600,36.22,38.796,35.922
2019-06-03,35.794000000000004,65322050,37.102,37.336,35.3984
2019-05-31,37.032,52033650,37.02,37.9841,36.82
2019-05-30,37.644,39632375,37.75,38.451,37.404
2019-05-29,37.972,59843200,37.42,38.478,37.008
2019-05-28,37.74,51564500,38.24,39.0,37.57
2019-05-24,38.126,70682850,39.966,39.996,37.7501
2019-05-23,39.098,132735700,38.868,39.893,37.244
2019-05-22,38.546,93425950,39.82,40.788000000000004,38.356
2019-05-21,41.016000000000005,90019500,39.552,41.48,39.208
2019-05-20,41.071999999999996,102631000,40.56,41.2,39.05
2019-05-17,42.206,88933350,44.391999999999996,44.448,41.784
2019-05-16,45.666000000000004,37416365,45.898,46.2,45.3
2019-05-15,46.39,36479880,45.864,46.488,45.05
2019-05-14,46.461999999999996,36262060,45.86,46.9,45.6
2019-05-13,45.402,54174000,46.402,46.494,44.9
2019-05-10,47.903999999999996,35041680,47.95,48.398,47.20399999999999
2019-05-09,48.396,33556910,48.4,48.736000000000004,47.3887
2019-05-08,48.968,30882200,49.388000000000005,50.1198,48.84
2019-05-07,49.412,50657050,51.36,51.442,49.02
2019-05-06,51.068000000000005,54169700,50.004,51.67,49.7
2019-05-03,51.006,118533850,48.772,51.321999999999996,48.698
2019-05-02,48.82,90796700,49.104,49.426,47.544
2019-05-01,46.802,53521750,47.77,48.0,46.3
2019-04-30,47.738,47234825,48.412,48.842,47.4
2019-04-29,48.294,83433100,47.172,48.79600000000001,46.434
2019-04-26,47.028,110755800,49.3,49.336000000000006,46.226000000000006
2019-04-25,49.526,109116900,51.0,51.8,49.214
2019-04-24,51.732,48285305,52.77,53.06399999999999,51.6
2019-04-23,52.78,54546750,52.03,53.12,51.15
2019-04-22,52.55,60508450,53.8,53.93600000000001,52.496
2019-04-18,54.652,29307390,54.246,54.968,53.95
2019-04-17,54.246,25590055,54.95,54.958,53.707
2019-04-16,54.672,36332520,53.15,55.0,52.943999999999996
2019-04-15,53.276,50162450,53.726000000000006,53.776,51.726000000000006
2019-04-12,53.54,33676930,54.044,54.39,53.36600000000001
2019-04-11,53.684,48906470,53.66,54.1,53.12
2019-04-10,55.211999999999996,35225170,55.348,55.676,54.5785
2019-04-09,54.461999999999996,29466235,54.33,55.0,53.922
2019-04-08,54.64,51823000,55.538000000000004,56.232,54.088
2019-04-05,54.992,65113700,53.972,55.22,53.222
2019-04-04,53.556000000000004,118400850,52.378,54.24,52.118
2019-04-03,58.361999999999995,39583250,57.464,59.233999999999995,57.434
2019-04-02,57.176,27135920,57.66,57.888000000000005,56.776
2019-04-01,57.836000000000006,40465670,56.523999999999994,57.84,56.2562
2019-03-29,55.972,29901775,55.74,56.032,54.9
2019-03-28,55.724,33824605,55.431999999999995,56.066,55.02
2019-03-27,54.966,43761920,53.75,55.074,53.6368
2019-03-26,53.553999999999995,36709340,52.888000000000005,54.052,52.886
2019-03-25,52.083999999999996,51025400,51.942,52.636,50.891999999999996
2019-03-22,52.906000000000006,43609750,54.516000000000005,54.56,52.8
2019-03-21,54.803999999999995,29654625,54.52,55.29,53.69
2019-03-20,54.72,34409880,53.938,54.994,53.26
2019-03-19,53.494,58871650,53.5,54.66,52.692
2019-03-18,53.898,51324800,55.2,55.61,53.46
2019-03-15,55.086000000000006,73786800,56.702,56.7449,54.88
2019-03-14,57.992,35240690,58.49,59.078,57.658
2019-03-13,57.792,34089270,56.78,58.398,56.54
2019-03-12,56.672,37440185,57.298,57.614,56.211999999999996
2019-03-11,58.184,36861490,56.70399999999999,58.256,56.1
2019-03-08,56.828,44028860,55.382,57.118,55.178000000000004
2019-03-07,55.318000000000005,47053485,55.768,56.94,54.85
2019-03-06,55.248000000000005,51596850,55.29600000000001,56.3012,54.878
2019-03-05,55.308,93649000,56.4,56.8,54.02
2019-03-04,57.071999999999996,85344450,59.623999999999995,59.8,56.556000000000004
2019-03-01,58.958,114243750,61.388000000000005,61.426,58.38
2019-02-28,63.976000000000006,48331120,63.784,64.0,62.162
2019-02-27,62.948,55720500,60.356,63.25899999999999,60.11
2019-02-26,59.571999999999996,42858045,58.443999999999996,60.402,57.754
2019-02-25,59.754,31068505,59.582,60.5809,59.4001
2019-02-22,58.942,28656900,58.898,59.3,58.42
2019-02-21,58.246,44404150,60.361999999999995,60.648,58.1
2019-02-20,60.512,35664845,60.882,61.26,59.8
2019-02-19,61.128,20602600,61.312,62.3088,61.093999999999994
2019-02-15,61.576,19479075,60.9,61.6,60.78
2019-02-14,60.754,25954435,60.676,61.354,60.2
2019-02-13,61.63399999999999,25651990,62.47,62.55,61.114
2019-02-12,62.361999999999995,27427095,63.24,63.638000000000005,61.924
2019-02-11,62.568000000000005,35570060,62.32,63.72,62.1
2019-02-08,61.16,29175390,61.36600000000001,61.489,59.7
2019-02-07,61.501999999999995,32559150,62.66,62.94,60.6
2019-02-06,63.443999999999996,25156840,63.918,64.848,63.1248
2019-02-05,64.27,33673695,62.498000000000005,64.488,62.4499
2019-02-04,62.578,36720380,62.596000000000004,63.06,60.376000000000005
2019-02-01,62.442,36318090,61.083999999999996,63.22,60.7
2019-01-31,61.403999999999996,62725950,60.2,62.3127,58.8
2019-01-30,61.754,52970200,60.09,61.8,59.698
2019-01-29,59.492,23014665,59.053999999999995,59.7113,58.36
2019-01-28,59.276,32047385,58.582,59.492,57.55
2019-01-25,59.408,35513905,58.878,59.7039,57.91
2019-01-24,58.302,39954555,56.606,58.736000000000004,55.8566
2019-01-23,57.518,62565400,58.5,58.9,56.338
2019-01-22,59.784,60260650,60.964,61.6,59.1
2019-01-18,60.452,120396300,64.6,65.4259,59.946000000000005
2019-01-17,69.462,18305810,69.242,70.3,68.83
2019-01-16,69.21,23386135,68.956,70.4,68.7
2019-01-15,68.88600000000001,30239450,67.0,69.76,66.9
2019-01-14,66.88,26163450,68.476,68.5,66.8
2019-01-11,69.452,25175390,68.418,69.682,67.75399999999999
2019-01-10,68.994,30248105,66.88,69.078,66.358
2019-01-09,67.706,27133090,67.1,68.7005,66.294
2019-01-08,67.07,34972135,68.392,68.80199999999999,65.404
2019-01-07,66.992,37711690,64.344,67.348,63.5502
2019-01-04,63.538000000000004,36913775,61.2,63.6,60.54600000000001
2019-01-03,60.071999999999996,34742885,61.4,61.88,59.476000000000006
2019-01-02,62.023999999999994,58056350,61.22,63.026,59.76
2018-12-31,66.56,31471490,67.558,67.842,65.05199999999999
2018-12-28,66.774,49593885,64.62,67.248,63.681999999999995
2018-12-27,63.226000000000006,42836925,63.968,64.4343,60.3
2018-12-26,65.218,40715510,60.0,65.39399999999999,58.818000000000005
2018-12-24,59.078,27799565,62.7,62.9,59.038999999999994
2018-12-21,63.95399999999999,39986095,63.48,64.694,62.488
2018-12-20,63.076,45246945,65.4108,66.058,62.3738
2018-12-19,66.594,41281870,67.52,69.402,65.94800000000001
2018-12-18,67.406,35424435,70.108,70.31,66.738
2018-12-17,69.684,38324160,72.4,73.14,68.77600000000001
2018-12-14,73.142,31638125,75.0,75.574,72.866
2018-12-13,75.358,36740840,74.03,75.488,73.35
2018-12-12,73.32,25098625,73.884,74.382,73.032
2018-12-11,73.352,31492360,73.982,74.4338,72.046
2018-12-10,73.03,32876705,72.0,73.196,70.624
2018-12-07,71.593,57421750,73.8,75.898,71.53
2018-12-06,72.612,39143445,71.202,73.476,70.152
2018-12-04,71.94,42151065,71.21,73.736,70.4
2018-12-03,71.69800000000001,41479215,72.0,73.2,70.4
2018-11-30,70.096,28105520,68.366,70.32,67.653
2018-11-29,68.234,15380130,69.4,69.5,67.91
2018-11-28,69.574,20570190,69.19800000000001,69.656,68.442
2018-11-27,68.78399999999999,31735020,68.01,69.392,67.1
2018-11-26,69.2,39865595,65.0,69.244,65.0
2018-11-23,65.166,21013210,66.869,67.5,65.11
2018-11-21,67.638,23386945,70.4,70.62,67.4799
2018-11-20,69.498,39956265,68.35,69.96,66.71
2018-11-19,70.694,48492795,71.268,73.35,70.57600000000001
2018-11-16,70.862,35972290,69.038,71.14,69.024
2018-11-15,69.688,23000650,68.46600000000001,69.71600000000001,67.808
2018-11-14,68.8,25160415,68.54,69.422,67.43
2018-11-13,67.74600000000001,27113780,66.632,68.94,66.44
2018-11-12,66.256,34584825,69.67399999999999,69.956,66.068
2018-11-09,70.102,25467280,69.8,70.8,69.046
2018-11-08,70.28,35401015,69.7,71.5151,69.688
2018-11-07,69.632,36833530,68.668,70.236,68.16
2018-11-06,68.212,33759650,67.814,69.76,67.218
2018-11-05,68.28,39104225,68.1,68.791,66.028
2018-11-02,69.282,38999600,68.748,69.84,68.182
2018-11-01,68.85600000000001,39904730,67.652,69.568,66.945
2018-10-31,67.464,38004200,66.508,68.4,65.82
2018-10-30,65.98,45545600,65.678,67.58,64.452
2018-10-29,66.97,72275750,67.494,69.432,65.3
2018-10-26,66.18,136901100,61.65,67.98,61.33
2018-10-25,62.972,103858350,63.443999999999996,64.2,60.202
2018-10-24,57.7,96752250,60.21,60.888000000000005,57.146
2018-10-23,58.828,94781050,52.773999999999994,59.586000000000006,52.42
2018-10-22,52.19,27974275,52.136,52.372,50.518
2018-10-19,52.0,46723820,53.478,53.931999999999995,50.7
2018-10-18,52.782,27009355,53.858000000000004,54.2,52.6
2018-10-17,54.356,43184745,56.48,56.54,53.1606
2018-10-16,55.318000000000005,47505600,53.14,55.475,52.448
2018-10-15,51.918,30945130,51.812,52.656000000000006,50.9073
2018-10-12,51.756,35946285,52.2,52.398,50.402
2018-10-11,50.446000000000005,40640920,51.506,52.45,49.806000000000004
2018-10-10,51.376000000000005,63907800,52.922,53.102,49.553999999999995
2018-10-09,52.56,60188900,51.05,53.354,50.66
2018-10-08,50.111999999999995,66855900,52.903999999999996,53.552,49.8
2018-10-05,52.39,89503550,54.93,54.976000000000006,52.0
2018-10-04,56.36600000000001,48194425,58.79,58.8,55.534
2018-10-03,58.96,39911360,60.666000000000004,60.92,58.31399999999999
2018-10-02,60.20399999999999,58498450,62.79,63.368,59.83
2018-10-01,62.14,108571050,61.153999999999996,62.288000000000004,60.21
2018-09-28,52.95399999999999,167986450,54.052,55.6,52.111000000000004
2018-09-27,61.504,36688800,62.58,62.992,61.382
2018-09-26,61.916000000000004,39179315,60.382,62.778,60.2219
2018-09-25,60.198,22361435,60.0,60.92,59.3
2018-09-24,59.93600000000001,24171920,59.696000000000005,60.5999,58.716
2018-09-21,59.82,25192485,59.54,60.11600000000001,59.074
2018-09-20,59.666000000000004,36662385,60.711999999999996,61.196000000000005,58.666000000000004
2018-09-19,59.803999999999995,41321765,56.102,60.0,56.1
2018-09-18,56.992,82471400,59.338,60.528,55.1
2018-09-17,58.968,34331040,58.008,60.174,57.626000000000005
2018-09-14,59.04,33788260,57.751999999999995,59.4651,57.303999999999995
2018-09-13,57.891999999999996,31666405,57.604,59.0,57.036
2018-09-12,58.108000000000004,50010750,56.288000000000004,58.5,55.7293
2018-09-11,55.888000000000005,45805305,55.894,56.4,54.71
2018-09-10,57.1,71161250,54.652,57.206,54.2
2018-09-07,52.648,112211550,52.02,53.67,50.451
2018-09-06,56.19,37363780,56.96,58.233999999999995,55.776
2018-09-05,56.148,38536710,57.01,57.356,55.43600000000001
2018-09-04,57.79,41522855,59.388000000000005,59.638000000000005,57.6
2018-08-31,60.332,26835240,60.4,61.0616,59.72
2018-08-30,60.63,36053125,60.452,60.92,59.544
2018-08-29,61.001999999999995,37052690,62.053999999999995,62.37,60.738
2018-08-28,62.372,38197265,63.681999999999995,63.776,62.238
2018-08-27,63.854,65313250,63.6,64.487,61.762
2018-08-24,64.564,17963670,64.14,64.77,63.88
2018-08-23,64.02,25693425,63.828,65.464,63.62
2018-08-22,64.328,29679265,64.17399999999999,64.77600000000001,62.934
2018-08-21,64.38,65738850,62.122,64.958,61.8
2018-08-20,61.688,86902150,58.3408,61.7,57.64
2018-08-17,61.1,94479400,64.7,65.354,60.706
2018-08-16,67.09,30226960,67.982,68.456,66.764
2018-08-15,67.738,45365165,68.3812,68.898,66.428
2018-08-14,69.528,34742555,71.69,71.8399,69.42
2018-08-13,71.282,52224600,72.226,72.638,69.804
2018-08-10,71.098,57652550,70.8,72.0,69.2
2018-08-09,70.49,84759000,73.11,73.402,69.146
2018-08-08,74.068,122677100,73.818,76.528,73.42399999999999
2018-08-07,75.914,152982000,68.768,77.492,67.83
2018-08-06,68.398,42683830,69.092,70.99600000000001,68.36399999999999
2018-08-03,69.634,68233200,69.562,71.0,68.506
2018-08-02,69.908,115795800,65.688,69.998,64.632
2018-08-01,60.168,43840495,59.598,60.6,58.6
2018-07-31,59.628,25275470,58.45,59.663999999999994,57.81399999999999
2018-07-30,58.034,33997905,59.18,59.22,57.226000000000006
2018-07-27,59.43600000000001,28473450,61.45,61.5387,59.0681
2018-07-26,61.33,23097835,60.97,62.14,60.7282
2018-07-25,61.748000000000005,35156910,59.348,61.924,58.9005
2018-07-24,59.486000000000004,47930930,60.8842,61.5434,58.50899999999999
2018-07-23,60.64,54874100,60.368,61.1,58.571999999999996
2018-07-20,62.716,25799155,64.24600000000001,64.648,62.3419
2018-07-19,64.046,29535580,63.266000000000005,64.708,62.802
2018-07-18,64.77,28050425,65.0,65.1,63.25
2018-07-17,64.538,34938910,61.762,64.94800000000001,61.7
2018-07-16,62.02,39002270,62.342,63.032,61.25
2018-07-13,63.773999999999994,29333880,63.11600000000001,63.917,61.85
2018-07-12,63.342,28559255,64.286,64.646,62.553999999999995
2018-07-11,63.792,24392975,63.16,64.388,63.013999999999996
2018-07-10,64.494,47187785,64.91199999999999,65.5354,63.84
2018-07-09,63.702,37897705,62.398,63.70399999999999,61.6
2018-07-06,61.78,44300990,60.99100000000001,62.413999999999994,60.4
2018-07-05,61.832,87287850,62.751999999999995,62.878,59.244
2018-07-03,62.172,61413200,66.35,66.498,61.938
2018-07-02,67.014,93663550,72.014,72.956,65.97
2018-06-29,68.59,32379515,70.666,70.77199999999999,68.482
2018-06-28,69.986,41940860,69.732,71.404,69.222
2018-06-27,68.9,41569085,69.0,70.158,67.9
2018-06-26,68.4,37173745,67.2108,68.71,65.1598
2018-06-25,66.602,34625445,66.024,67.694,65.5
2018-06-22,66.726,51268850,70.308,70.45,66.4
2018-06-21,69.502,39749230,72.4,73.2428,69.25399999999999
2018-06-20,72.444,41851340,71.608,72.876,70.4
2018-06-19,70.51,63674200,73.032,74.0,69.25
2018-06-18,74.166,60127250,71.08,74.74600000000001,70.9
2018-06-15,71.634,54137800,70.768,72.934,70.25
2018-06-14,71.544,54805750,69.52600000000001,71.75,69.32
2018-06-13,68.956,47007335,69.3412,69.44,67.96
2018-06-12,68.554,111282150,68.94,70.994,67.6
2018-06-11,66.42,65830250,64.502,66.932,64.5
2018-06-08,63.532,40960875,63.8,64.896,63.43
2018-06-07,63.218,71680550,63.23,66.0,62.716
2018-06-06,63.9,93712000,60.1,64.434,59.496
2018-06-05,58.226000000000006,29389365,59.54,59.56,57.348
2018-06-04,59.348,23968935,58.868,59.8,58.7096
2018-06-01,58.364,27089920,57.172,58.39,56.7678
2018-05-31,56.946000000000005,29564125,57.442,58.074,56.586000000000006
2018-05-30,58.343999999999994,37367950,56.658,59.001000000000005,56.32
2018-05-29,56.751999999999995,28285765,55.702,57.3,55.23
2018-05-25,55.77,19363105,55.525,55.928000000000004,55.122
2018-05-24,55.57,20853945,55.68,56.222,54.978
2018-05-23,55.81399999999999,29861185,55.552,55.982,54.8
2018-05-22,55.001999999999995,44692505,57.5524,57.6,54.6844
2018-05-21,56.898,45839220,56.266000000000005,58.298,56.26
2018-05-18,55.364,36218495,56.93,56.93,54.8
2018-05-17,56.908,22091290,57.18,57.8375,56.794
2018-05-16,57.29600000000001,28348220,56.766000000000005,57.762,56.312
2018-05-15,56.836000000000006,47548765,57.001999999999995,57.391999999999996,56.1
2018-05-14,58.394,36327505,60.663999999999994,60.988,58.324
2018-05-11,60.211999999999996,23326605,61.54,61.776,59.816
2018-05-10,61.004,28213855,61.4999,62.598,60.8224
2018-05-09,61.37,28561275,60.082,61.402,60.01
2018-05-08,60.394,29637235,60.159,61.55,59.8
2018-05-07,60.553999999999995,43365450,59.5,61.1918,59.034
2018-05-04,58.818000000000005,42827530,56.6,59.372,55.903999999999996
2018-05-03,56.89,86695450,55.758,57.608000000000004,55.04600000000001
2018-05-02,60.23,41730880,59.714,61.37,59.5569
2018-05-01,59.983999999999995,23074730,58.702,60.163999999999994,58.644
2018-04-30,58.78,21120340,58.722,59.746,58.5
2018-04-27,58.815,21734270,57.074,58.894,56.766000000000005
2018-04-26,57.096000000000004,21740540,55.75,57.158,55.3
2018-04-25,56.138000000000005,20002105,56.7,57.032,55.45
2018-04-24,56.692,28391210,57.0,57.418,55.692
2018-04-23,56.674,24403715,58.258,58.324,56.466
2018-04-20,58.048,28113150,59.034,59.996,57.95
2018-04-19,60.016000000000005,30419000,58.216,60.202,57.71
2018-04-18,58.67,32657815,58.216,60.048,57.632
2018-04-17,57.538000000000004,34655760,57.773999999999994,58.434,56.501999999999995
2018-04-16,58.242,31447485,59.8,59.931999999999995,57.802
2018-04-13,60.068000000000005,36596125,60.72,60.79,59.196000000000005
2018-04-12,58.816,37977625,60.464,60.79,58.736000000000004
2018-04-11,60.18600000000001,37351020,60.148,61.79600000000001,59.931999999999995
2018-04-10,60.94,55085050,59.794,61.42,58.736000000000004
2018-04-09,57.931999999999995,51207050,60.074,61.9,57.842
2018-04-06,59.86,67582650,60.2,61.856,59.1
2018-04-05,61.144,95129300,57.868,61.251999999999995,57.64
2018-04-04,57.388000000000005,99400900,50.556000000000004,57.674,50.4
2018-04-03,53.506,94148250,53.964,54.67,50.898
2018-04-02,50.496,80466450,51.251999999999995,52.0664,48.918
2018-03-29,53.226000000000006,75072200,51.298,54.192,49.641999999999996
2018-03-28,51.556000000000004,104811400,52.916000000000004,53.736000000000004,50.42
2018-03-27,55.836000000000006,68935300,60.8,60.854,55.43600000000001
2018-03-26,60.836000000000006,41824685,61.468,61.518,58.272
2018-03-23,60.308,33199800,62.25,62.321999999999996,60.09
2018-03-22,61.82,24624640,62.778,63.763999999999996,61.636
2018-03-21,63.306000000000004,29771235,62.05,64.488,62.038000000000004
2018-03-20,62.11,23805155,62.974,63.25,61.751999999999995
2018-03-19,62.711999999999996,37339450,63.3,64.15,61.934
2018-03-16,64.27,30566825,65.192,65.48,63.81399999999999
2018-03-15,65.12,32772840,65.876,66.57,64.22
2018-03-14,65.32600000000001,39760760,67.352,67.962,64.786
2018-03-13,68.368,29803180,68.984,69.024,67.2527
2018-03-12,69.102,41264595,65.722,69.442,65.3
2018-03-09,65.434,27513895,64.82,65.69800000000001,64.47399999999999
2018-03-08,65.82,17571835,66.572,66.66,65.2548
2018-03-07,66.46,25009700,65.08800000000001,66.5,64.348
2018-03-06,65.64,21182415,66.75,67.274,65.406
2018-03-05,66.67,19103510,66.47800000000001,67.55,65.8586
2018-03-02,67.024,25443945,65.396,67.044,64.594
2018-03-01,66.186,34362760,69.002,69.734,66.014
2018-02-28,68.612,30330220,70.514,71.048,68.444
2018-02-27,70.19800000000001,23925110,71.25,71.998,70.002
2018-02-26,71.484,21672500,70.7,71.8,70.471
2018-02-23,70.41,29070885,69.566,70.998,69.42
2018-02-22,69.234,34809400,67.10600000000001,69.488,66.95
2018-02-21,66.66,16036250,67.206,67.9386,66.634
2018-02-20,66.954,20029810,66.89399999999999,68.168,66.3
2018-02-16,67.098,28200920,66.5,68.624,66.328
2018-02-15,66.813,29549115,64.9,66.824,64.48
2018-02-14,64.462,19740385,64.168,65.234,63.70399999999999
2018-02-13,64.732,22773155,63.004,64.83800000000001,62.5021
2018-02-12,63.146,31122395,63.226000000000006,63.61600000000001,61.25
2018-02-09,62.083999999999996,64622150,63.986000000000004,64.1969,58.952
2018-02-08,63.04600000000001,51482100,68.66199999999999,69.72399999999999,62.92
2018-02-07,69.0,33648410,67.798,69.2,67.132
2018-02-06,66.794,25400160,65.042,67.244,64.7
2018-02-05,66.626,22205830,67.594,68.89399999999999,66.6
2018-02-02,68.75,18480785,69.688,70.39,68.102
2018-02-01,69.85,20937200,70.2,71.932,69.726
2018-01-31,70.862,30996865,69.502,71.238,69.038
2018-01-30,69.164,23553420,69.028,69.654,68.434
2018-01-29,69.906,23691040,67.97,70.17,67.656
2018-01-26,68.57,22677285,68.3,68.8,67.142
2018-01-25,67.528,33626040,69.654,69.84,67.28
2018-01-24,69.178,26386930,70.916,70.95,68.704
2018-01-23,70.558,27238110,72.0,72.1,70.2
2018-01-22,70.312,30998885,69.88,71.566,69.84
2018-01-19,70.00399999999999,24355905,69.0,70.118,68.52
2018-01-18,68.914,28398145,69.134,70.46,68.748
2018-01-17,69.432,35462770,68.094,69.8,67.95
2018-01-16,68.012,32146170,67.508,69.0,66.96
2018-01-12,67.244,24112545,67.726,68.082,66.734
2018-01-11,67.59,33204315,67.048,68.962,66.652
2018-01-10,66.96,21515265,66.44,67.4,66.0
2018-01-09,66.738,35672625,67.032,67.76,65.48100000000001
2018-01-08,67.282,49163050,63.2,67.404,63.1
2018-01-05,63.316,22943640,63.324,63.448,62.4
2018-01-04,62.924,49722965,62.574,63.71,61.136
2018-01-03,63.45,22192600,64.2,65.05,63.11
2018-01-02,64.10600000000001,21728075,62.4,64.422,62.2
2017-12-29,62.27,18847520,63.236000000000004,63.282,62.0
2017-12-28,63.071999999999996,21533730,62.35,63.163999999999994,61.908
2017-12-27,62.328,23525420,63.2,63.536,62.15
2017-12-26,63.458,21843495,64.766,64.788,63.316
2017-12-22,65.04,21038010,65.902,66.1843,64.964
2017-12-21,66.332,21849970,65.918,66.748,65.442
2017-12-20,65.796,29536890,66.538,66.62,65.008
2017-12-19,66.22,34104340,68.05199999999999,68.2985,66.06
2017-12-18,67.774,27332730,68.98,69.346,67.516
2017-12-15,68.69,34606230,68.408,68.78,67.152
2017-12-14,67.578,28960120,68.202,69.488,67.38
2017-12-13,67.806,31088505,68.186,68.844,67.3
2017-12-12,68.206,43577850,66.09,68.288,66.006
2017-12-11,65.782,39630450,62.926,65.80199999999999,62.75
2017-12-08,63.026,17330440,62.92,63.396,62.251999999999995
2017-12-07,62.248000000000005,23897950,62.4,63.7268,62.21
2017-12-06,62.652,35922385,60.02,62.678000000000004,60.0
2017-12-05,60.74,23218540,60.4,61.6,60.2
2017-12-04,61.04,29171135,61.3,61.653,60.122
2017-12-01,61.306000000000004,21430410,61.088,62.06399999999999,61.01
2017-11-30,61.77,21727170,61.711999999999996,62.14,60.908
2017-11-29,61.508,43787315,63.46,63.6,60.246
2017-11-28,63.51,24708515,63.272,64.0,62.784
2017-11-27,63.361999999999995,22688895,62.65,63.468,61.902
2017-11-24,63.11,16220325,62.758,63.282,62.2
2017-11-22,62.52,24566415,63.354,63.483999999999995,62.368
2017-11-21,63.562,36281905,62.172,63.646,61.742
2017-11-20,61.748000000000005,41209105,62.758,63.1,60.95
2017-11-17,63.01,68604150,65.134,65.334,62.63
2017-11-16,62.5,28972045,62.798,63.628,62.26
2017-11-15,62.26,29759175,61.202,62.498000000000005,60.3
2017-11-14,61.74,28309520,63.0,63.27,61.38
2017-11-13,63.08,37826210,60.026,63.36,59.821999999999996
2017-11-10,60.598,23105400,60.5,61.672,60.37
2017-11-09,60.598,27200865,60.5,60.891999999999996,59.26
2017-11-08,60.878,23626775,61.1,61.378,60.26
2017-11-07,61.21,26424220,60.20399999999999,61.3,60.006
2017-11-06,60.556000000000004,32403445,61.4,61.5,59.802
2017-11-03,61.218,44429665,59.9,61.25,59.026
2017-11-02,59.852,98856400,60.026,61.738,58.526
2017-11-01,64.21600000000001,41212435,66.45,66.5218,64.05199999999999
2017-10-31,66.306,28250310,64.046,66.39,64.036
2017-10-30,64.016,21238095,63.836000000000006,64.756,63.45
2017-10-27,64.17399999999999,34841825,63.95,64.918,63.332
2017-10-26,65.234,25050435,65.556,66.046,64.64
2017-10-25,65.168,42918095,67.34,67.5,64.712
2017-10-24,67.468,22428460,67.76,68.56,67.232
2017-10-23,67.404,28697990,69.976,69.99,67.25
2017-10-20,69.02,24628285,70.538,70.91,68.868
2017-10-19,70.362,25278575,71.112,71.4293,69.64
2017-10-18,71.93,24680120,71.194,72.6,70.82600000000001
2017-10-17,71.15,16451450,70.182,71.244,70.014
2017-10-16,70.12,26865450,70.752,70.896,69.432
2017-10-13,71.11399999999999,17694035,71.396,71.69800000000001,70.736
2017-10-12,71.13600000000001,20367760,70.59,71.956,70.528
2017-10-11,70.92,22473665,70.778,71.52,70.23
2017-10-10,71.118,34861315,69.36,71.126,69.1061
2017-10-09,68.58800000000001,37307305,69.93,70.35,68.53399999999999
2017-10-06,71.376,21364330,70.62,72.0198,70.45
2017-10-05,71.066,20839565,71.2,71.487,70.27
2017-10-04,71.002,40739975,70.25,71.72399999999999,69.92
2017-10-03,69.628,50612750,67.18,69.71,66.256
2017-10-02,68.306,26137735,68.50399999999999,68.74,67.102
2017-09-29,68.22,25495255,68.372,68.936,67.7202
2017-09-28,67.92,26548895,67.976,68.55,67.08
2017-09-27,68.194,30136875,69.98,70.2978,68.1
2017-09-26,69.05,35748245,70.186,70.248,68.18
2017-09-25,68.998,37935790,70.63,71.4938,68.57600000000001
2017-09-22,70.218,40714475,73.298,73.98,70.176
2017-09-21,73.296,23054360,74.98,75.366,72.902
2017-09-20,74.782,24549790,74.6,75.6498,74.214
2017-09-19,75.02,32176040,76.0,76.47800000000001,74.714
2017-09-18,77.0,35888865,76.05,77.922,75.536
2017-09-15,75.962,27036135,74.902,76.0,74.54
2017-09-14,75.528,35851315,72.866,75.592,72.52600000000001
2017-09-13,73.24600000000001,20855925,72.764,73.61399999999999,71.918
2017-09-12,72.55,29831020,72.898,73.752,72.08
2017-09-11,72.738,38255000,70.27,72.742,70.0
2017-09-08,68.68,16306665,69.798,69.956,68.46
2017-09-07,70.122,21175225,69.196,70.49600000000001,68.69
2017-09-06,68.906,20410005,69.9,70.1958,68.312
2017-09-05,69.918,19182010,70.76,71.098,69.178
2017-09-01,71.08,15242750,71.22399999999999,71.518,70.738
2017-08-31,71.18,20316650,70.71,71.688,70.564
2017-08-30,70.63600000000001,17020825,69.934,70.694,69.4
2017-08-29,69.472,20346515,67.896,69.81,67.75
2017-08-28,69.132,18731200,69.456,69.47,67.944
2017-08-25,69.61,17375930,70.848,71.138,69.46
2017-08-24,70.586,22857870,70.50399999999999,71.332,69.94800000000001
2017-08-23,70.554,24709735,67.798,70.69800000000001,67.6608
2017-08-22,68.27,21571340,68.226,68.44800000000001,67.4745
2017-08-21,67.572,32449250,69.164,69.164,66.37
2017-08-18,69.492,26954025,70.582,70.8,69.16
2017-08-17,70.384,25054125,72.242,72.66,70.318
2017-08-16,72.582,17030865,72.6,73.3,72.50399999999999
2017-08-15,72.46600000000001,15423005,73.04,73.098,71.874
2017-08-14,72.76,22539845,72.926,73.532,72.52
2017-08-11,71.574,21787810,71.39399999999999,72.252,70.72399999999999
2017-08-10,71.08,35315270,72.32,73.3301,70.932
2017-08-09,72.706,34405910,72.2,74.0,71.79
2017-08-08,73.044,37159190,71.506,73.71600000000001,71.48
2017-08-07,71.03399999999999,31546655,71.47,71.896,70.55
2017-08-04,71.382,46166475,69.4,71.454,68.66
2017-08-03,69.418,67621350,69.066,70.0,68.63
2017-08-02,65.178,59711750,63.788000000000004,65.42399999999999,62.244
2017-08-01,63.913999999999994,41424985,64.6,64.89,63.226000000000006
2017-07-31,64.694,42627270,67.1,68.298,64.208
2017-07-28,67.014,24349455,67.378,67.92,66.502
2017-07-27,66.892,41429395,69.2,69.5,65.258
2017-07-26,68.77,24047570,68.072,69.1,67.624
2017-07-25,67.92,34889660,69.0,69.12,66.83
2017-07-24,68.50399999999999,42991460,66.048,68.6798,66.002
2017-07-21,65.68,24358540,65.892,66.2515,65.16
2017-07-20,65.984,25712580,65.38,66.044,64.84
2017-07-19,65.05199999999999,31729420,65.646,66.33,64.6439
2017-07-18,65.648,31803550,63.5,65.82600000000001,63.132
2017-07-17,63.913999999999994,49137530,65.108,65.42,62.69
2017-07-14,65.556,28039620,64.638,65.684,64.244
2017-07-13,64.682,42911575,66.02199999999999,66.32,63.994
2017-07-12,65.904,51586200,66.08,66.62,64.9
2017-07-11,65.444,57633800,63.2,65.456,62.86
2017-07-10,63.21,68801450,62.58,63.588,60.626000000000005
2017-07-07,62.644,70649750,62.7,63.4,61.476000000000006
2017-07-06,61.766000000000005,96290200,63.452,64.158,61.26
2017-07-05,65.418,84991500,69.44,69.44800000000001,65.266
2017-07-03,70.524,31527005,74.048,74.27,70.3
2017-06-30,72.322,29115230,72.742,73.3535,71.9237
2017-06-29,72.15,41012315,74.122,74.2,70.82
2017-06-28,74.248,31451615,73.336,74.348,72.50399999999999
2017-06-27,72.47399999999999,34887470,75.28,75.28,72.404
2017-06-26,75.498,32984270,77.33800000000001,77.39,74.62
2017-06-23,76.69,32125900,76.49,77.398,75.869
2017-06-22,76.52199999999999,37552030,75.598,77.0,74.714
2017-06-21,75.28,24583850,74.87,75.398,73.604
2017-06-20,74.44800000000001,37095550,75.334,75.77600000000001,73.946
2017-06-19,73.96,32167170,75.0,75.34,73.56
2017-06-16,74.28,31737250,75.595,75.602,74.02
2017-06-15,75.068,52063250,74.5,75.092,73.298
2017-06-14,76.132,63892400,76.217,76.85,75.262
2017-06-13,75.19,58866850,73.524,75.2,73.322
2017-06-12,71.80199999999999,52539300,71.598,72.9,70.124
2017-06-09,71.464,86250300,74.884,75.374,70.96
2017-06-08,74.0,45143385,72.75,74.38,72.044
2017-06-07,71.93,46743460,71.268,72.1,71.028
2017-06-06,70.57,55159600,68.94,71.8986,67.994
2017-06-05,69.464,33845870,67.7,69.688,66.842
2017-06-02,67.97,27919760,67.954,68.57600000000001,67.186
2017-06-01,68.074,38008820,68.8,68.976,67.458
2017-05-31,68.202,49687780,67.538,68.578,67.032
2017-05-30,67.02,38857680,65.2,67.256,65.152
2017-05-26,65.028,38965045,63.456,65.098,63.262
2017-05-25,63.36600000000001,25002160,62.20399999999999,63.394,61.562
2017-05-24,62.044,25175960,61.302,62.2,61.08
2017-05-23,60.772,21571335,62.092,62.146,60.696000000000005
2017-05-22,62.07,21621525,62.56,62.873999999999995,61.36
2017-05-19,62.166000000000004,23272900,63.1,63.3,62.04
2017-05-18,62.611999999999995,28045765,61.4,62.788000000000004,61.062
2017-05-17,61.222,33478285,62.878,62.926,61.1
2017-05-16,63.402,20705330,63.518,64.012,63.028
2017-05-15,63.176,38034270,63.676,64.04,62.506
2017-05-12,64.962,20593065,65.096,65.4,64.306
2017-05-11,64.62,23735860,64.68,65.2,63.92
2017-05-10,65.044,28672620,64.312,65.1,63.623999999999995
2017-05-09,64.252,48316870,61.876000000000005,64.398,61.82
2017-05-08,61.438,35014535,62.18,62.758,61.163999999999994
2017-05-05,61.67,40587245,59.6,61.71,59.36
2017-05-04,59.092,70679950,61.486999999999995,61.553999999999995,58.152
2017-05-03,62.20399999999999,34396295,63.534,64.306,62.09
2017-05-02,63.778,26582755,64.8,65.532,63.312
2017-05-01,64.566,44099440,62.976000000000006,65.45,62.961999999999996
2017-04-28,62.81399999999999,22483295,61.966,62.96,61.6
2017-04-27,61.726000000000006,17313315,62.338,62.618,61.5
2017-04-26,62.034,23415655,62.474,62.9,61.8
2017-04-25,62.758,33670810,61.6,62.79600000000001,61.172
2017-04-24,61.606,25388855,61.843999999999994,62.11,61.2043
2017-04-21,61.12,22509790,60.4,61.28,60.083999999999996
2017-04-20,60.501999999999995,30729805,61.302,61.83,60.04600000000001
2017-04-19,61.104,19455725,60.492,61.324,60.422
2017-04-18,60.05,15171125,59.94,60.168,59.58
2017-04-17,60.288000000000004,20640335,60.54,60.8,59.736000000000004
2017-04-13,60.8,46378410,59.34,61.478,59.06
2017-04-12,59.368,30218240,61.268,61.6896,59.263999999999996
2017-04-11,61.742,28590265,62.676,62.693999999999996,61.1
2017-04-10,62.478,38268115,61.83,62.746,61.742
2017-04-07,60.508,22833160,59.5,60.538000000000004,59.43
2017-04-06,59.74,27588655,59.376000000000005,60.388000000000005,58.82
2017-04-05,59.0,39292825,60.408,60.976000000000006,58.84
2017-04-04,60.74,50541150,59.378,60.961999999999996,58.906000000000006
2017-04-03,59.70399999999999,69324250,57.38,59.8,56.916000000000004
2017-03-31,55.66,16468490,55.746,55.93600000000001,55.2639
2017-03-30,55.583999999999996,20707185,55.608000000000004,56.4,55.442
2017-03-29,55.476000000000006,18362630,55.668,55.92,55.108000000000004
2017-03-28,55.49,39893325,55.403999999999996,56.136,55.0
2017-03-27,54.044,31106805,52.12,54.114,51.95
2017-03-24,52.632,28188340,51.14,52.778,51.001999999999995
2017-03-23,50.956,16549220,51.078,51.5344,50.66
2017-03-22,51.001999999999995,20283675,50.312,51.013999999999996,50.102
2017-03-21,50.136,34507775,52.566,52.96,50.048
2017-03-20,52.38399999999999,18008080,52.12,52.91,51.7642
2017-03-17,52.3,32455090,52.8,53.066,52.24
2017-03-16,52.41,35635900,52.48,53.15,51.812
2017-03-15,51.146,26166825,51.4,52.2,50.854
2017-03-14,51.6,37908595,49.222,51.623999999999995,49.20399999999999
2017-03-13,49.233999999999995,15056400,48.964,49.37,48.5562
2017-03-10,48.738,15313925,49.242,49.3,48.6
2017-03-09,48.98,19382470,49.526,49.732,48.6
2017-03-08,49.373999999999995,18633730,49.4,50.013999999999996,49.06399999999999
2017-03-07,49.718,17262935,50.38399999999999,50.778,49.663999999999994
2017-03-06,50.242,16768005,49.582,50.34,49.501999999999995
2017-03-03,50.31399999999999,14627405,50.148,50.38,49.8
2017-03-02,50.096000000000004,16728755,49.942,50.656000000000006,49.653999999999996
2017-03-01,50.004,24024815,50.836000000000006,50.97,49.821999999999996
2017-02-28,49.998000000000005,30369450,48.838,50.2,48.78
2017-02-27,49.246,57250800,49.63399999999999,49.672,48.402
2017-02-24,51.4,40834345,50.532,51.65,50.04
2017-02-23,51.198,74385450,52.8,52.931999999999995,51.111999999999995
2017-02-22,54.702,42689055,56.062,56.69,54.52
2017-02-21,55.478,28237875,55.09,56.28,54.802
2017-02-17,54.446000000000005,31257345,53.16,54.578,52.83
2017-02-16,53.79,35319300,55.52,56.0,53.7
2017-02-15,55.952,24719395,56.0,56.448,55.288000000000004
2017-02-14,56.196000000000005,36707250,55.806000000000004,57.478,55.722
2017-02-13,56.12,35115360,54.148,56.158,54.102
2017-02-10,53.846000000000004,18091680,53.958,54.19,53.222
2017-02-09,53.84,39063000,53.25,54.236000000000004,53.23
2017-02-08,52.416000000000004,19562140,51.47,52.672,51.24
2017-02-07,51.496,21220315,51.638000000000005,52.0,51.284
2017-02-06,51.553999999999995,17788000,50.2,51.56399999999999,50.126000000000005
2017-02-03,50.266000000000005,10926150,50.382,50.4358,49.93600000000001
2017-02-02,50.31,12493995,49.668,50.483999999999995,49.542
2017-02-01,49.848,19765525,50.61,50.64,49.81
2017-01-31,50.386,20560065,49.848,51.178000000000004,49.54
2017-01-30,50.126000000000005,18993190,50.506,51.058,49.42
2017-01-27,50.59,15808870,50.276,50.6,49.70399999999999
2017-01-26,50.501999999999995,15718585,50.858000000000004,51.148,50.15
2017-01-25,50.894,25726505,51.461999999999996,51.692,50.36
2017-01-24,50.922,24790720,50.0,50.96,49.93
2017-01-23,49.784,31310485,49.17,50.178000000000004,49.1
2017-01-20,48.946000000000005,20998600,49.092,49.2,48.602
2017-01-19,48.751999999999995,38586220,49.45,49.736000000000004,48.15
2017-01-18,47.672,18836360,47.33,47.942,47.11600000000001
2017-01-17,47.11600000000001,23073655,47.34,47.992,46.873999999999995
2017-01-13,47.55,30428050,46.0,47.57,45.918
2017-01-12,45.918,18937735,45.812,46.14,45.11600000000001
2017-01-11,45.946000000000005,18249550,45.81399999999999,45.996,45.336000000000006
2017-01-10,45.974,18294905,46.4,46.4,45.378
2017-01-09,46.256,19863580,45.794,46.38399999999999,45.6
2017-01-06,45.802,27620765,45.386,46.062,45.09
2017-01-05,45.35,29544635,45.284,45.496,44.39
2017-01-04,45.398,56022800,42.95,45.6,42.861999999999995
2017-01-03,43.398,29507470,42.972,44.066,42.192
2016-12-30,42.738,23206440,43.26,43.5,42.336000000000006
2016-12-29,42.93600000000001,20215430,43.711999999999996,43.84,42.8245
2016-12-28,43.948,18892720,44.306000000000004,44.76,43.44
2016-12-27,43.906000000000006,29566675,42.976000000000006,44.45,42.88399999999999
2016-12-23,42.668,23341315,41.6,42.69,41.542
2016-12-22,41.69,15542135,41.644,41.998000000000005,41.3
2016-12-21,41.54,26030715,41.69,42.446000000000005,41.482
2016-12-20,41.758,23421345,40.61,41.8,40.5
2016-12-19,40.546,17434685,40.498000000000005,40.89,39.968
2016-12-16,40.498000000000005,18977220,39.616,40.518,39.52
2016-12-15,39.516,16093265,39.681999999999995,40.148,39.478
2016-12-14,39.738,20736570,39.748000000000005,40.6,39.352
2016-12-13,39.63,34096610,38.635999999999996,40.256,38.6
2016-12-12,38.486,12182140,38.56,38.884,38.208
2016-12-09,38.436,13604685,38.174,38.7672,38.162
2016-12-08,38.458,15968420,38.41,38.5,37.908
2016-12-07,38.63,27285355,37.23,38.68,37.0
2016-12-06,37.17,16946825,37.104,37.316,36.5365
2016-12-05,37.36,20347400,36.501999999999995,37.778,36.501999999999995
2016-12-02,36.294000000000004,20201005,36.576,36.976,36.0
2016-12-01,36.376,25595525,37.65,37.705999999999996,36.2
2016-11-30,37.88,17724455,38.2,38.378,37.5
2016-11-29,37.914,22176560,39.111999999999995,39.346,37.9
2016-11-28,39.224000000000004,22605410,39.096,39.87,38.91
2016-11-25,39.33,11830490,38.728,39.4474,38.728
2016-11-23,38.628,24451425,38.122,39.1288,37.8
2016-11-22,38.234,28006190,37.168,38.294000000000004,36.742
2016-11-21,36.904,21779360,37.008,37.778,36.882
2016-11-18,37.004,26032365,38.13,38.6,37.0
2016-11-17,37.732,24404845,36.698,37.898,36.422
2016-11-16,36.786,17163340,36.53,36.946,36.242
2016-11-15,36.754,19498715,36.556,37.286,36.41
2016-11-14,36.29,32739565,37.6,37.65,35.638000000000005
2016-11-11,37.711999999999996,19935455,36.848,37.775999999999996,36.6
2016-11-10,37.07,33731450,38.21,38.321999999999996,36.084
2016-11-09,38.012,40832235,37.375,38.4,36.79
2016-11-08,38.988,16264635,38.758,39.498000000000005,38.251999999999995
2016-11-07,38.641999999999996,19288410,38.718,38.858000000000004,38.01
2016-11-04,38.111999999999995,25719575,37.8,38.692,37.192
2016-11-03,37.484,13222750,37.8,38.294000000000004,37.408
2016-11-02,37.604,21211250,38.01,38.539,37.501
2016-11-01,38.158,35118370,39.608000000000004,39.7,37.621
2016-10-31,39.546,23456600,40.498000000000005,40.498000000000005,39.162
2016-10-28,39.994,21367280,40.8,41.06399999999999,39.966
2016-10-27,40.802,65354950,42.268,42.74,40.33
2016-10-26,40.448,26734465,40.2,40.638000000000005,40.02
2016-10-25,40.468,12210590,40.58,40.938,40.24
2016-10-24,40.552,13736720,40.2,40.789,40.05
2016-10-21,40.018,14684540,39.72,40.314,39.482
2016-10-20,39.82,25347050,40.424,40.6,39.41
2016-10-19,40.711999999999996,34830925,39.948,41.332,39.611999999999995
2016-10-18,39.82,28380230,39.198,39.894,38.652
2016-10-17,38.792,22591655,39.41,39.678000000000004,38.4
2016-10-14,39.302,21327355,40.132,40.286,39.26
2016-10-13,40.048,12475700,40.1,40.179,39.41
2016-10-12,40.302,9845495,40.19,40.775999999999996,40.084
2016-10-11,40.02,11633770,40.37,40.44,39.662
2016-10-10,40.19,16556700,40.27,40.828,39.931999999999995
2016-10-07,39.321999999999996,17447400,40.2,40.264,39.16
2016-10-06,40.2,23489685,40.492,40.842,40.042
2016-10-05,41.692,9362280,42.448,42.63,41.623999999999995
2016-10-04,42.282,17689765,42.62,42.663999999999994,41.763999999999996
2016-10-03,42.74,29946710,42.46,43.1338,41.65
2016-09-30,40.806,12908650,40.442,40.996,39.91
2016-09-29,40.14,13570200,41.12,41.466,40.116
2016-09-28,41.254,10396620,41.501999999999995,41.65,41.052
2016-09-27,41.162,16839535,41.93,41.9964,40.9219
2016-09-26,41.798,11966865,41.3,42.2,41.3
2016-09-23,41.49,14520625,41.198,42.036,41.13399999999999
2016-09-22,41.286,11908000,41.28,41.456,40.6
2016-09-21,41.044,13156425,41.273999999999994,41.4,40.312
2016-09-20,40.928000000000004,12042780,41.37,41.55,40.782
2016-09-19,41.268,11491590,41.4,41.886,41.0
2016-09-16,41.08,15521330,40.084,41.14,39.8
2016-09-15,40.084,15414710,39.298,40.5039,39.28
2016-09-14,39.282,11280715,39.15,39.585,38.9712
2016-09-13,39.21,17915700,39.412,39.698,38.69
2016-09-12,39.66,18570245,39.0,40.2738,38.82
2016-09-09,38.894,18768670,39.818000000000005,39.984,38.74
2016-09-08,39.472,16861465,39.91,39.978,39.272
2016-09-07,40.342,18189590,41.1,41.2994,40.141999999999996
2016-09-06,40.566,21930965,39.804,40.65,39.8
2016-09-02,39.556,29850770,40.466,40.64,39.24
2016-09-01,40.154,39662220,41.802,42.22,40.1
2016-08-31,42.402,16374270,42.086000000000006,42.52,41.73
2016-08-30,42.268,15821110,43.222,43.222,42.104
2016-08-29,43.04,16306905,44.03,44.08,43.0
2016-08-26,43.998000000000005,11190435,44.428000000000004,44.571000000000005,43.763999999999996
2016-08-25,44.192,8801060,44.622,44.76,44.153999999999996
2016-08-24,44.523999999999994,12834735,45.41,45.43,44.443999999999996
2016-08-23,44.968,23738725,44.864,45.698,44.56
2016-08-22,44.586000000000006,10308460,44.833999999999996,45.022,44.536
2016-08-19,45.0,8293080,44.708,45.0338,44.506
2016-08-18,44.702,8496500,44.763999999999996,45.132,44.458
2016-08-17,44.648,8932040,44.86600000000001,44.966,44.56
2016-08-16,44.722,11255575,45.098,45.438,44.681999999999995
2016-08-15,45.118,10089820,45.20399999999999,45.9,44.986000000000004
2016-08-12,45.122,9059250,45.082,45.33,44.808
2016-08-11,44.982,9384795,45.233999999999995,45.513999999999996,44.681999999999995
2016-08-10,45.13,11682480,45.648,45.974,44.924
2016-08-09,45.816,10998830,45.364,46.3075,45.33
2016-08-08,45.232,11297325,45.6,45.92,45.218
2016-08-05,46.006,15951710,46.0,46.4,45.48
2016-08-04,46.122,20710775,45.138000000000005,46.172,44.41
2016-08-03,45.158,19043735,45.474,45.9398,44.842
2016-08-02,45.44,19643530,45.873999999999995,45.974,44.28
2016-08-01,46.001999999999995,20070240,47.1,47.326,45.876000000000005
2016-07-29,46.958,15307870,46.14,47.056000000000004,46.048
2016-07-28,46.122,12077310,45.59,46.152,45.32
2016-07-27,45.698,14435140,45.868,46.672,45.38399999999999
2016-07-26,45.902,17136255,45.538000000000004,46.0,45.06
2016-07-25,46.001999999999995,22397415,44.45399999999999,46.278,44.2743
2016-07-22,44.45399999999999,12852310,44.398,44.9,43.776
2016-07-21,44.1,22128780,45.2,45.5694,43.82
2016-07-20,45.672,12780595,45.294,45.96,45.0
2016-07-19,45.052,15237675,45.0,45.82,44.95
2016-07-18,45.25,16972940,43.928000000000004,45.418,43.66
2016-07-15,44.08,11154105,44.504,44.55,43.928000000000004
2016-07-14,44.306000000000004,13289495,44.623999999999995,44.988,44.21
2016-07-13,44.506,17703495,45.1,45.118,44.058
2016-07-12,44.93,22869375,44.82,45.5,44.644
2016-07-11,44.956,26845330,43.992,45.356,43.902
2016-07-08,43.356,20335655,43.56,43.961999999999996,42.9
2016-07-07,43.188,18016925,42.62,43.623999999999995,42.602
2016-07-06,42.888000000000005,24551425,42.0,43.04600000000001,41.8
2016-07-05,42.79600000000001,25849160,41.946000000000005,42.9088,41.6
2016-07-01,43.3,26980150,41.228,43.648,41.2
2016-06-30,42.456,23972200,42.593999999999994,42.7,41.803999999999995
2016-06-29,42.038000000000004,29935600,41.026,42.356,40.6
2016-06-28,40.358000000000004,30794980,40.378,40.81,39.882
2016-06-27,39.71,36059115,38.172,39.762,37.574
2016-06-24,38.63,34944745,38.01,39.024,37.946
2016-06-23,39.28,50490950,39.138000000000005,39.51,38.426
2016-06-22,39.332,118530500,39.894,41.19,39.15
2016-06-21,43.922,14278095,44.136,44.5138,43.762
2016-06-20,43.94,17748840,43.9,44.75,43.646
2016-06-17,43.093999999999994,15538670,43.562,43.998000000000005,42.9
2016-06-16,43.586000000000006,12193460,43.483999999999995,43.608000000000004,42.7
2016-06-15,43.54,14525010,43.39,44.38,43.026
2016-06-14,42.992,17879110,43.776,44.44,42.506
2016-06-13,43.574,20939165,43.9,45.153999999999996,43.532
2016-06-10,43.758,29972740,45.478,45.593999999999994,43.6843
2016-06-09,45.872,22271110,46.996,47.066,45.412
2016-06-08,47.104,29825550,46.76,48.169,46.521
2016-06-07,46.468,30970770,44.448,46.888000000000005,44.303999999999995
2016-06-06,44.136,11213170,43.6,44.18,43.09
2016-06-03,43.798,11130550,44.0,44.388000000000005,43.602
2016-06-02,43.792,10086395,43.918,43.9818,43.422
2016-06-01,43.912,14911350,44.29600000000001,44.48,43.378
2016-05-31,44.646,13933410,44.608000000000004,44.9499,44.3
2016-05-27,44.608000000000004,18228960,44.998000000000005,45.18600000000001,44.15
2016-05-26,45.023999999999994,20332560,44.1,45.052,43.81
2016-05-25,43.916000000000004,15656395,43.582,44.272,43.302
2016-05-24,43.582,15046635,43.32,43.748000000000005,43.036
2016-05-23,43.244,25483755,43.974,44.52,43.172
2016-05-20,44.056000000000004,44982730,43.398,44.11,43.27
2016-05-19,43.042,34089610,42.724,43.358000000000004,41.46
2016-05-18,42.233999999999995,27763460,41.83,43.062,41.55
2016-05-17,40.931999999999995,14210140,41.81,41.964,40.804
2016-05-16,41.658,14728770,41.63,42.63,41.583999999999996
2016-05-13,41.522,14103080,41.556000000000004,42.24,41.34
2016-05-12,41.456,18250375,42.288000000000004,42.333999999999996,40.7314
2016-05-11,41.792,25798200,41.518,43.096000000000004,41.21
2016-05-10,41.738,20340265,41.51,41.894,41.0
2016-05-09,41.784,23864960,43.144,43.23,41.36
2016-05-06,42.986000000000004,28418375,42.174,43.273999999999994,41.622
2016-05-05,42.306000000000004,56241700,45.692,45.728,41.958
2016-05-04,44.512,42750020,46.058,46.891999999999996,44.08
2016-05-03,46.464,21481625,47.472,47.782,46.324
2016-05-02,48.36,19194790,48.3,48.638000000000005,46.964
2016-04-29,48.152,27025820,49.628,49.68600000000001,47.562
2016-04-28,49.542,12577975,49.97,50.68600000000001,49.488
2016-04-27,50.294,15990525,50.55,51.0,49.88
2016-04-26,50.748000000000005,16088895,50.41,51.146,49.878
2016-04-25,50.364,18325440,50.602,51.476000000000006,50.152
2016-04-22,50.75,18915630,49.778,50.8,49.141999999999996
2016-04-21,49.658,13885395,49.798,50.18,49.382
2016-04-20,49.994,25961715,49.251999999999995,50.732,48.3
2016-04-19,49.474,31756800,50.623999999999995,50.873999999999995,48.2502
2016-04-18,50.776,21316230,50.446000000000005,51.662,50.332
2016-04-15,50.902,18742965,50.262,50.92,49.824
2016-04-14,50.372,20646290,50.6,51.3678,50.21
2016-04-13,50.906000000000006,24607770,49.702,51.1,49.466
2016-04-12,49.56399999999999,28776755,49.9,50.36,48.726000000000006
2016-04-11,49.983999999999995,45782020,50.2,51.798,49.06
2016-04-08,50.013999999999996,36763535,52.1,52.163999999999994,49.604
2016-04-07,51.44,44227835,53.29,53.868,50.902
2016-04-06,53.083999999999996,58478800,50.794,53.548,50.69
2016-04-05,51.093999999999994,49657350,48.1,51.312,48.0
2016-04-04,49.398,66905800,49.824,50.424,48.728
2016-04-01,47.518,79899550,48.965,49.58,46.65
2016-03-31,45.95399999999999,39878190,45.868,47.483999999999995,45.001999999999995
2016-03-30,45.378,20128350,47.018,47.1,45.3
2016-03-29,46.026,20030185,45.978,46.476000000000006,45.066
2016-03-28,46.052,19392995,46.321999999999996,46.961999999999996,45.0
2016-03-24,45.55,24783020,43.156000000000006,45.7775,43.0
2016-03-23,44.516000000000005,24681015,46.474,46.946000000000005,44.406000000000006
2016-03-22,46.848,21515260,47.442,47.798,46.5116
2016-03-21,47.663999999999994,26445070,47.068000000000005,47.976000000000006,47.0
2016-03-18,46.548,23523805,45.82,46.896,45.611999999999995
2016-03-17,45.276,18845415,44.294,45.7,44.0
2016-03-16,44.386,17559365,43.6,44.516000000000005,43.403999999999996
2016-03-15,43.668,15666150,42.854,43.794,42.3
2016-03-14,43.03,20311520,42.53,43.343999999999994,42.128
2016-03-11,41.5,16695740,41.586000000000006,41.88399999999999,41.066
2016-03-10,41.036,25958010,42.0,42.658,40.1342
2016-03-09,41.744,16037985,40.904,41.8745,40.558
2016-03-08,40.52,20877490,40.7,41.5,40.44
2016-03-07,41.058,26655485,39.536,41.94,39.48
2016-03-04,40.208,32399290,39.6,40.806,39.5
2016-03-03,39.148,24114965,37.656,39.484,36.844
2016-03-02,37.668,24293155,36.746,37.704,36.3
2016-03-01,37.27,33478520,38.85,39.1897,36.54
2016-02-29,38.385999999999996,22477010,38.48,39.27,37.8444
2016-02-26,38.068000000000005,30270305,37.74,38.4,37.0
2016-02-25,37.486,28635040,35.73,37.7038,35.04
2016-02-24,35.8,26926845,34.55,35.9,33.568000000000005
2016-02-23,35.442,29914965,35.232,36.346,34.736
2016-02-22,35.548,25276700,34.024,35.782,33.97
2016-02-19,33.316,14779160,32.732,33.498000000000005,32.5
2016-02-18,33.354,19415535,34.484,34.59,32.954
2016-02-17,33.736,29101320,31.8,33.868,31.336
2016-02-16,31.034000000000002,27808190,31.74,32.59,30.822
2016-02-12,30.208000000000002,36166320,31.0,31.401999999999997,28.74
2016-02-11,30.094,71184500,30.4,32.652,29.4
2016-02-10,28.734,50523450,30.1,30.994,28.348000000000003
2016-02-09,29.65,43198305,28.464000000000002,31.958000000000002,28.21
2016-02-08,29.598000000000003,46533770,31.421,31.43,29.2
2016-02-05,32.52,47172475,34.26,34.6,31.5488
2016-02-04,35.066,21897210,34.14,35.196,33.398
2016-02-03,34.696,39638200,36.718,36.788000000000004,34.036
2016-02-02,36.556,28824085,38.484,38.624,36.046
2016-02-01,39.388000000000005,26478425,37.751999999999995,39.904,36.55
2016-01-29,38.24,14244645,37.99,38.748000000000005,37.616
2016-01-28,37.94,22931640,38.158,38.256,36.482
2016-01-27,37.614000000000004,17886765,38.476,38.652,37.154
2016-01-26,38.711999999999996,24784590,39.34,39.564,37.775999999999996
2016-01-25,39.275999999999996,13477040,40.012,40.714,39.176
2016-01-22,40.51,15610330,40.9602,41.1,39.806
2016-01-21,39.994,15822120,40.31,40.646,39.004
2016-01-20,39.74,29130550,39.88,40.256,38.25
2016-01-19,40.944,20156355,41.742,42.093999999999994,40.156
2016-01-15,40.998000000000005,26628865,39.794000000000004,41.013999999999996,39.45
2016-01-14,41.236000000000004,32452895,40.442,42.0,38.676
2016-01-13,40.062,20604965,42.402,42.53,40.0
2016-01-12,41.994,15395255,42.32,42.7479,41.062
2016-01-11,41.57,20454215,42.802,42.89,40.6
2016-01-08,42.2,17861800,43.571999999999996,44.088,42.153999999999996
2016-01-07,43.13,17753520,42.838,43.688,42.733999999999995
2016-01-06,43.808,18871765,44.0,44.01,43.196000000000005
2016-01-05,44.68600000000001,15927625,45.272,45.378,44.0
2016-01-04,44.681999999999995,34117550,46.144,46.276,43.8
2015-12-31,48.001999999999995,13569085,47.702,48.69,47.674
2015-12-30,47.618,18472240,47.32,48.7268,47.1341
2015-12-29,47.438,12012190,46.012,47.544,45.9094
2015-12-28,45.79,9500855,46.298,46.396,45.108000000000004
2015-12-24,46.114,3551385,46.111999999999995,46.376000000000005,45.656000000000006
2015-12-23,45.94,7755155,46.43600000000001,46.69,45.626000000000005
2015-12-22,45.99,9794180,46.998000000000005,47.31,45.926
2015-12-21,46.512,9757905,46.338,47.166000000000004,46.216
2015-12-18,46.092,15040285,46.578,47.18,45.858000000000004
2015-12-17,46.678000000000004,16472300,46.788000000000004,47.552,45.963
2015-12-16,46.902,25502215,44.42,46.976000000000006,44.146
2015-12-15,44.218,11208430,44.364,44.443999999999996,43.6
2015-12-14,43.716,14138985,43.501999999999995,44.184,42.974
2015-12-11,43.403999999999996,16295570,45.048,45.15,43.328
2015-12-10,45.413999999999994,10350440,44.942,45.698,44.728
2015-12-09,44.903999999999996,15285180,45.34,45.5,44.144
2015-12-08,45.343999999999994,13411295,45.504,45.76,44.84
2015-12-07,46.226000000000006,15704320,45.54,47.126000000000005,45.23
2015-12-04,46.076,12860070,46.492,46.653999999999996,45.532
2015-12-03,46.542,14686165,47.096000000000004,47.49,46.0
2015-12-02,46.398,14903220,47.4,47.72,46.246
2015-12-01,47.438,18642810,46.211999999999996,47.6,46.21
2015-11-30,46.052,12956025,46.358000000000004,46.856,45.816
2015-11-27,46.321999999999996,9746765,46.211999999999996,46.45,45.402
2015-11-25,45.928000000000004,19934725,44.268,46.165,44.075
2015-11-24,43.65,12391945,43.074,44.2,43.0
2015-11-23,43.55,12625980,43.47,43.836000000000006,42.93600000000001
2015-11-20,44.001999999999995,21970995,44.698,45.0,42.716
2015-11-19,44.36,12497965,44.108000000000004,45.238,44.06
2015-11-18,44.214,14051000,42.9,44.276,42.504
2015-11-17,42.8,10741630,43.04,43.2,42.28
2015-11-16,42.861999999999995,14601810,41.218,42.996,41.16
2015-11-13,41.438,17115695,42.59,42.598,41.303999999999995
2015-11-12,42.588,14567555,43.57,43.8,42.532
2015-11-11,43.816,16687505,43.553999999999995,43.896,42.726000000000006
2015-11-10,43.3,23062040,44.696000000000005,44.74,43.216
2015-11-09,45.066,19230895,46.598,46.598,44.861999999999995
2015-11-06,46.472,12221320,46.14,46.6718,45.9
2015-11-05,46.354,22474720,46.11600000000001,46.9169,45.838
2015-11-04,46.326,63567650,45.4,46.548,45.04
2015-11-03,41.67,40325455,42.77,42.888000000000005,41.55
2015-11-02,42.758,19622570,41.784,43.16,41.443999999999996
2015-10-30,41.386,22162165,42.08,42.326,40.778
2015-10-29,42.326,8973715,42.35,42.7496,42.128
2015-10-28,42.592,13634400,42.262,42.69,41.66
2015-10-27,42.07,17564160,42.968,43.42,41.501999999999995
2015-10-26,43.052,16941135,42.276,43.176,42.0
2015-10-23,41.818000000000005,21132055,43.0,43.07,41.538000000000004
2015-10-22,42.343999999999994,14094005,42.312,43.15,41.88
2015-10-21,42.018,20889780,42.398,42.961999999999996,41.76
2015-10-20,42.606,74385100,45.544,45.72,40.4
2015-10-19,45.62,12534180,45.3,46.23,44.988
2015-10-16,45.402,21637870,44.608000000000004,46.0961,44.574
2015-10-15,44.262,14179600,43.286,44.346000000000004,42.74
2015-10-14,43.376000000000005,15472180,44.13399999999999,44.19,43.086000000000006
2015-10-13,43.85,25840810,42.656000000000006,44.5044,42.226000000000006
2015-10-12,43.11600000000001,19080855,44.598,44.6,43.053999999999995
2015-10-09,44.138000000000005,30768770,44.18600000000001,44.873999999999995,43.672
2015-10-08,45.343999999999994,30629970,46.016000000000005,46.144,44.262
2015-10-07,46.391999999999996,34022165,47.326,47.54,45.824
2015-10-06,48.292,26173395,48.0,48.606,47.11600000000001
2015-10-05,49.23,18422450,49.768,49.968,48.826
2015-10-02,49.513999999999996,22038075,47.12,49.54,46.986000000000004
2015-10-01,47.976000000000006,22841305,49.501999999999995,49.7,47.426
2015-09-30,49.68,24628755,50.4,50.48,48.468
2015-09-29,49.33,18479860,50.092,50.946000000000005,49.092
2015-09-28,49.68600000000001,24465565,51.47,51.958,49.321999999999996
2015-09-25,51.382,18856975,53.321999999999996,53.382,51.23
2015-09-24,52.623999999999995,17213340,51.906000000000006,52.69,51.242
2015-09-23,52.211999999999996,12985850,52.39,52.416000000000004,51.5168
2015-09-22,52.188,18303215,51.806000000000004,52.53,51.174
2015-09-21,52.84,30573075,52.79600000000001,54.31399999999999,51.16
2015-09-18,52.123999999999995,18803220,51.592,52.763999999999996,51.5
